id,created_at,text,user
3179179420683316032,2024-07-05 04:30:20,"Bitcoin rises to $52,000 amid increased institutional interest. Will this fuel a larger rally?",7352482
2250519829940661535,2023-02-15 10:39:27,"Elon Musk's tweet sends Bitcoin price to $54,000! Crypto markets are reacting fast.",9977814
1240785557293360151,2023-06-09 13:54:15,"Bitcoin hovers around $47,000 as traders brace for upcoming market volatility.",8876029
4840743048351141337,2024-04-15 05:52:00,"The price of Bitcoin continues its upward trend, reaching $68,000. Will we see $70,000 next?",2152667
3696447857448825126,2023-07-21 17:54:55,"The price of Bitcoin continues its upward trend, reaching $68,000. Will we see $70,000 next?",7449860
9223823549873248275,2023-08-18 12:47:39,"Bitcoin breaks through the $68,000 mark, setting a new high for the year.",1773346
3624789263941848859,2023-03-13 17:16:42,"Bitcoin whales are accumulating as the price hits $50,000, suggesting a long-term bullish trend.",9071716
8995347368388557969,2023-12-28 08:24:58,"Bitcoin price falls to $43,000, creating panic among short-term traders.",1017246
6391952578399859950,2023-07-24 21:47:06,"Crypto experts suggest that Bitcoin could reach $100,000 by the end of the year.",2527767
7966835322796698984,2023-03-28 21:19:13,"Bitcoin price is surging! It’s up 5% today, reaching $50,000.",5070802
4654236307155594563,2023-01-03 21:23:22,"BTC faces a critical support level at $40,000 after a sharp decline. Will it hold?",1600330
6448832620266553377,2024-06-11 20:41:25,"BTC soars to $60,000 after a major technical breakout. Is $70,000 next?",8696049
2824132171376768711,2024-06-27 12:25:56,"Bitcoin remains the top-performing asset this year, now trading around $57,000.",4942512
2304701381744551662,2024-08-22 22:35:49,"BTC price continues to surge, reaching $71,000. Could we see $100,000 by the end of the year?",3258816
2905554219641381766,2023-02-10 10:01:39,"Bitcoin stabilizes at $62,000 after a week of volatile movements.",3937529
4060906267071887884,2023-11-12 00:50:26,"Bitcoin drops below $41,000 after a market-wide sell-off. Time to buy the dip?",4717681
5464365790869800569,2023-03-08 13:15:57,"Bitcoin futures contracts are pushing the price past $49,000. Futures markets are hot!",4803827
4424437166725074276,2023-02-06 06:16:10,"Bitcoin futures contracts are pushing the price past $49,000. Futures markets are hot!",3695708
3349660506802224851,2024-05-09 11:45:21,"BTC has broken the $70,000 barrier! Bulls are dominating the market.",1267732
1007176896372426706,2024-04-17 11:00:05,"Bitcoin hovers around $47,000 as traders brace for upcoming market volatility.",2150412
4844047733989350596,2023-08-01 14:08:22,"Bitcoin price drops to $44,000 in response to negative regulatory news from Asia.",8480208
7411814961800734570,2023-07-12 03:35:50,"Massive sell-off triggers Bitcoin price drop to $42,500. Will the bulls step in?",4119753
2912026216966395820,2024-05-15 16:20:57,"Bitcoin price is surging! It’s up 5% today, reaching $50,000.",8194158
9376757624589718823,2023-11-10 07:43:43,"BTC is now hovering around $61,000 with analysts expecting a possible breakout.",4967732
3661791973234638377,2023-02-24 00:34:42,"Bitcoin continues its march upwards, now trading at $52,000. Will we see $55K soon?",2844042
5938358094202229693,2023-03-12 20:39:30,"BTC price swings continue as it hovers around $55,000. Volatility is expected.",7033668
7766714509354875836,2024-07-20 23:43:49,"BTC hits $62,000, a new milestone for the year. Investors are eyeing a $70,000 target now.",7817211
2830411392282078002,2023-11-02 21:38:38,"Crypto winter is not over yet as Bitcoin drops to $38,000, shedding nearly 20% in a day.",8943231
5108346546599998018,2023-12-03 10:05:25,"Bitcoin price drops to $44,000 in response to negative regulatory news from Asia.",7980570
2303368243350406846,2023-12-16 19:35:05,"Bitcoin remains the top crypto asset, trading around $58,000 with market cap dominance increasing.",7424730
8651612330431095362,2023-10-23 01:23:47,"BTC sees an increase in demand as institutional investors pile in, pushing the price to $64,000.",7586267
3091923309131908512,2024-10-13 23:59:31,"Massive sell-off triggers Bitcoin price drop to $42,500. Will the bulls step in?",6660683
7895963464579492210,2024-05-03 12:50:35,"Bitcoin continues its march upwards, now trading at $52,000. Will we see $55K soon?",5587373
6865018898005891698,2023-07-29 06:16:21,"Bitcoin stabilizes at $62,000 after a week of volatile movements.",4037916
3266501289236700147,2023-05-25 16:46:50,"After hitting $60,000, Bitcoin price is consolidating. Analysts expect a rally to $65K soon.",5334959
1225165987750797499,2024-09-22 02:30:50,"The recent drop in Bitcoin price to $45,000 is just temporary. We believe it will rebound soon.",9740437
6585587863428161359,2024-03-11 15:18:16,"BTC soars to $60,000 after a major technical breakout. Is $70,000 next?",5595936
5434629411147588471,2024-01-02 01:08:02,"Bitcoin is stabilizing around $48,500. Could this be the calm before the next rally?",1761916
7280233820161151022,2023-07-13 09:18:12,BTC hitting $65K could be the start of a new bull run. Keep your eyes on the charts!,2567234
7022908980839908404,2024-04-26 03:54:47,"BTC sees an increase in demand as institutional investors pile in, pushing the price to $64,000.",4184732
3903318953194940101,2024-04-23 10:53:37,"Bitcoin drops below $50,000, sparking concerns among investors as volatility increases.",3456167
6950468645375197864,2024-07-06 03:50:52,"Massive sell-off triggers Bitcoin price drop to $42,500. Will the bulls step in?",3073702
9704882535388785468,2023-11-05 10:26:05,"BTC has seen a price surge to $53,000 after a positive market sentiment.",7301430
4886661837930730777,2024-03-10 04:04:43,"Bitcoin rises to $52,000 amid increased institutional interest. Will this fuel a larger rally?",2897602
5438830369360806034,2023-09-02 05:18:45,"El Salvador's Bitcoin adoption boosts price to $55,000 as crypto becomes mainstream.",7274800
9660496093140165167,2023-07-28 17:27:44,"Bitcoin hits a new all-time high of $80,000, marking a huge win for crypto investors!",8691128
5820836557209308083,2023-05-23 01:12:29,"Bitcoin price sees resistance at $51,000 but could break through with new institutional investment.",6237219
5158478685078725184,2024-07-24 18:00:45,"BTC soars to $60,000 after a major technical breakout. Is $70,000 next?",8819588
9507868239471267185,2023-06-28 14:41:53,"Bitcoin breaks through the $68,000 mark, setting a new high for the year.",3951093
1735186817989009111,2023-02-23 15:00:28,"Bitcoin drops below $41,000 after a market-wide sell-off. Time to buy the dip?",5177310
8670727682050771362,2023-01-07 20:01:07,"Bitcoin price is surging! It’s up 5% today, reaching $50,000.",9051586
2220430168486498424,2023-05-11 08:08:07,"BTC has broken the $70,000 barrier! Bulls are dominating the market.",5388166
4334104064341208246,2023-03-10 02:39:42,"Bitcoin price shoots up to $66,000 after ETF approval by the SEC.",3845844
1875613325830485832,2023-06-17 22:22:39,"Bitcoin stabilizes at $62,000 after a week of volatile movements.",4876107
5168846095725175165,2023-10-05 14:06:38,"Bitcoin remains stable at $56,000 as traders await more regulatory news.",3300689
3240112005512688609,2024-09-10 02:06:28,"The price of Bitcoin continues its upward trend, reaching $68,000. Will we see $70,000 next?",3897517
7563258737907791640,2024-09-30 03:49:36,"BTC price swings continue as it hovers around $55,000. Volatility is expected.",3270433
8905094979689010615,2023-11-17 09:23:10,"Elon Musk's tweet sends Bitcoin price to $54,000! Crypto markets are reacting fast.",9770927
6811032083396691115,2023-03-16 03:13:11,"Bitcoin price falls to $43,000, creating panic among short-term traders.",6741712
7187233020210206729,2023-06-20 18:33:55,"Big news for BTC holders, Bitcoin hits $60,000. Bulls are taking over the market!",3637671
9496413938219642424,2023-01-10 16:00:59,"Massive sell-off triggers Bitcoin price drop to $42,500. Will the bulls step in?",3811779
1860718344577319291,2023-08-18 17:54:12,"Bitcoin price is surging! It’s up 5% today, reaching $50,000.",2054448
2663795812034348355,2024-01-28 03:54:00,"Bitcoin price falls to $43,000, creating panic among short-term traders.",1133633
5198832753455980362,2024-03-06 06:32:04,"The price of Bitcoin continues its upward trend, reaching $68,000. Will we see $70,000 next?",9711477
3310635090810834305,2023-04-01 21:44:28,"After a strong bull run, Bitcoin consolidates around $67,000, with experts predicting a move to $70,000.",1705219
1374213841101344792,2024-03-01 20:07:27,"BTC soars to $60,000 after a major technical breakout. Is $70,000 next?",2064364
2676193274329411458,2023-06-30 15:40:33,"BTC sees an increase in demand as institutional investors pile in, pushing the price to $64,000.",3244041
7194070885516754895,2024-09-20 04:00:57,"Elon Musk's tweet sends Bitcoin price to $54,000! Crypto markets are reacting fast.",7609111
9748681875315642354,2024-06-11 13:12:30,"BTC price swings continue as it hovers around $55,000. Volatility is expected.",3319161
4705219183017333387,2023-09-13 18:27:13,"A major price correction drops Bitcoin down to $35,000. Is this the beginning of a bear market?",7342835
6864024441501990317,2023-07-18 23:01:54,"Bitcoin drops below $41,000 after a market-wide sell-off. Time to buy the dip?",2132393
7961468723029760157,2024-02-22 07:07:59,"BTC price soars to $75,000 after a major global event drives institutional demand higher.",8822179
7362396329970843638,2024-07-22 03:14:19,"Bitcoin breaks through $66,000, nearing a new all-time high.",8898675
3899145410529001946,2024-03-31 14:17:26,"Bitcoin is currently trading around $59,000, with analysts predicting further gains.",3729946
5976380400238992818,2023-12-12 20:00:44,"Breaking news: Bitcoin falls to $40,000 amidst market correction. Is this the right time to buy?",1301018
2420329625751263359,2024-03-14 20:50:00,"Bitcoin drops below $41,000 after a market-wide sell-off. Time to buy the dip?",9014406
6084024348802207541,2024-07-31 23:23:03,"After hitting $60,000, Bitcoin price is consolidating. Analysts expect a rally to $65K soon.",2989695
5992661784487530059,2023-11-20 07:42:19,"Bitcoin price is surging! It’s up 5% today, reaching $50,000.",1259364
9393128316585892012,2024-01-07 03:16:32,"Bitcoin is currently trading around $59,000, with analysts predicting further gains.",2421279
4550059345672794099,2023-02-05 18:13:07,"After a strong bull run, Bitcoin consolidates around $67,000, with experts predicting a move to $70,000.",9363289
5891455722677930593,2023-09-12 06:18:03,"Bitcoin struggles to maintain $46,000 after a massive correction. Will bulls regain control?",2153932
3758329849152095683,2023-06-08 22:25:58,"Bitcoin price falls to $43,000, creating panic among short-term traders.",5117299
8764895612128864140,2023-05-16 04:32:34,"Breaking news: Bitcoin falls to $40,000 amidst market correction. Is this the right time to buy?",9132545
1474324918991200160,2024-10-06 03:01:00,"Bitcoin futures contracts are pushing the price past $49,000. Futures markets are hot!",1230371
5182558728412165325,2023-07-27 16:39:57,"Bitcoin price holds above $60,000 as long-term holders remain confident in future gains.",6176682
1381150896630263529,2023-06-02 18:01:58,"Bitcoin hits $45,000, but long-term holders are staying calm despite short-term volatility.",4108480
8189811767635224673,2023-05-21 01:11:47,"Bitcoin is currently trading around $59,000, with analysts predicting further gains.",3114654
3425706376482225047,2023-03-19 01:17:56,"Bitcoin continues its march upwards, now trading at $52,000. Will we see $55K soon?",3035307
5645223635713427048,2024-06-16 10:28:24,"BTC price swings continue as it hovers around $55,000. Volatility is expected.",4756001
4681119750028152482,2024-02-19 16:51:52,"Elon Musk's tweet sends Bitcoin price to $54,000! Crypto markets are reacting fast.",2618515
2495578799566089673,2024-07-13 15:07:22,"BTC has seen a price surge to $53,000 after a positive market sentiment.",6940896
7806646931821110573,2024-03-08 13:09:27,"Bitcoin stabilizes at $62,000 after a week of volatile movements.",7210755
1002825572791727363,2023-06-06 14:25:26,"Bitcoin's price faces strong resistance at $50,000 but could push higher with positive news.",5512686
4677892695402506324,2024-03-10 20:11:35,"Bitcoin remains stable at $56,000 as traders await more regulatory news.",5092933
5178730458603301868,2024-09-10 18:40:58,"BTC sees an increase in demand as institutional investors pile in, pushing the price to $64,000.",8877869
9459400195548088413,2023-05-01 00:18:15,"Massive sell-off triggers Bitcoin price drop to $42,500. Will the bulls step in?",2041419
9727207179409400642,2024-08-30 01:05:07,"Bitcoin rebounds to $51,000 after a week of downward pressure.",9803431
1133672589232024720,2024-10-17 01:08:13,"Bitcoin continues its march upwards, now trading at $52,000. Will we see $55K soon?",5520896
3470734554957946962,2023-08-07 04:47:34,"BTC hits $62,000, a new milestone for the year. Investors are eyeing a $70,000 target now.",7679396
6100421769604094057,2024-04-18 01:01:58,"Bitcoin stabilizes at $62,000 after a week of volatile movements.",9340258
